{"train_loss": [0.2593452886424281, 0.1924773302267898, 0.171016260642897, 0.14859379201450132, 0.12879850850863891, 0.11220208690925078, 0.1104624191807075, 0.08705790730362589, 0.07850260863249953, 0.07712202620777217, 0.06298968974839557, 0.057367526587437496, 0.05214405957270752, 0.0421713792972944, 0.03991107049990784, 0.03646016794002869, 0.03280978865752166, 0.026301485189998693, 0.025232670998031444, 0.025085080118680544, 0.02375168086622249, 0.021512512519786305, 0.01998359102501788, 0.018150487745350056, 0.01654335225678303, 0.017311625415459275, 0.019050565696406094, 0.017348978329788555, 0.017904636958106, 0.01783093710599298, 0.019697696647860787, 0.01599384725771167, 0.015406940767372196, 0.015341110294684768, 0.013550591697408394, 0.012346559119495478, 0.012837247901850125, 0.012232863704081286, 0.011760264889083126, 0.01283466104756702, 0.013308897106484934, 0.012360668804665858, 0.010802696564827453, 0.010961352403021672, 0.009643945324403996, 0.010929124683819035, 0.009352512001483277, 0.009597426883622327, 0.010207840558988128, 0.008901547100818292], "val_loss": [0.2918905968015844, 0.21041325818408618, 0.17612061446363275, 0.19305354763161053, 0.15585428002205762, 0.10181491822004318, 0.11150725524533879, 0.10115914656357332, 0.07348083027384499, 0.09063713117079301, 0.06165500967340036, 0.06858916445211931, 0.05396717041730881, 0.04569002952088009, 0.039940043606541374, 0.04445794190872799, 0.04698971896009012, 0.027569978243925354, 0.02473515576936982, 0.025618514554067093, 0.024117519401691177, 0.026089912788434463, 0.017995407635515385, 0.023364917121150276, 0.024552478878335518, 0.03278877721591429, 0.015587760389528492, 0.019451035948639565, 0.0207156493243846, 0.015217308124358004, 0.021093593910336494, 0.017976651137525387, 0.019809141247109932, 0.01688441727310419, 0.01361213040284135, 0.013109462674368511, 0.017233717593957077, 0.012103930539028212, 0.013758583756333048, 0.012492373755032366, 0.012983013198456982, 0.012103122235699133, 0.01138006311587312, 0.011311708610843529, 0.012857331894338131, 0.011330456049604849, 0.012486359443176876, 0.011999411339109594, 0.01071969394318082, 0.01045606251467358]}